steamid,num_games_owned,num_reviews,playtime_forever(min),playtime_last_two_weeks(min),playtime_at_review(min),last_played,recommendationid,language,review,timestamp_created,timestamp_updated,voted_up,votes_up,votes_funny,weighted_vote_score,comment_count,steam_purchase,received_for_free,written_during_early_access,hidden_in_steam_china,steam_china_location,review_length,review_updated
76561199104583312,44,3,18316,795,18316,2023-05-03 01:08:20,137688022,schinese,种地三天果蝇王治好了我的精神内耗,2023-05-03 01:16:30,2023-05-03 01:16:30,True,0,0,0,0,True,False,False,True,,16,False
76561199407960894,4,1,162,162,162,2023-05-01 01:54:12,137685983,schinese,4.8双人份还要什么自行车，4.8买个好点的斐济背都买不到，还不买？不买给你一拳??,2023-05-03 00:35:55,2023-05-03 00:35:55,True,0,0,0,0,True,False,False,True,,41,False
76561199207088918,106,4,732,56,732,2023-05-01 10:21:18,137685166,schinese,我是傻逼，原价买的就4.8了，不过原价买也值，打折买更值,2023-05-03 00:18:34,2023-05-03 00:18:34,True,0,0,0,0,False,False,False,True,,28,False
76561199365063639,10,2,350,350,350,2023-05-02 15:17:53,137685100,schinese,好玩,2023-05-03 00:17:48,2023-05-03 00:17:48,True,0,0,0,0,True,False,False,True,,2,False
76561199353382503,11,1,2209,2209,2209,2023-05-03 00:15:01,137684986,schinese,4.8 约等于免费,2023-05-03 00:15:28,2023-05-03 00:15:28,True,0,0,0,0,True,True,False,True,,9,False
76561199497699415,4,1,423,423,423,2023-05-02 23:55:40,137684891,schinese,和朋友玩真的不错的选择， 满分！,2023-05-03 00:12:59,2023-05-03 00:12:59,True,0,0,0,0,True,False,False,True,,16,False
76561199191182544,5,1,8260,520,8170,2023-05-03 01:22:49,137684634,schinese,卡卡卡卡卡卡卡卡卡卡,2023-05-03 00:07:47,2023-05-03 00:07:47,False,0,0,0,0,False,False,False,True,,10,False
76561199384262618,2,2,905,876,817,2023-05-03 01:32:21,137684423,schinese,特别好玩,2023-05-03 00:03:32,2023-05-03 00:03:32,True,0,0,0,0,True,False,False,True,,4,False
76561199051914088,9,2,7771,828,7771,2023-05-02 23:16:29,137683818,schinese,非常优秀的文化产品,2023-05-02 23:50:43,2023-05-02 23:50:43,True,0,0,0,0,True,False,False,True,,9,False
76561199438921917,11,2,7342,433,7342,2023-05-02 20:14:37,137683587,schinese,好玩喵~,2023-05-02 23:45:37,2023-05-02 23:45:37,True,0,0,0,0,True,False,False,True,,4,False
76561198999200900,7,1,2018,2018,1927,2023-05-03 01:11:54,137683393,schinese,奇趣的画风，灵动的音乐，沙盒类的探险的单机版让初中的我着迷，一次次冒险（指查百度各个物品啥作用）让我感觉自己愈发强大，最后征服世界，衣食无忧（多个300~500+的档没啥事情可干），期间也看了些相关的剧情视频，可惜那时候不知道梯子，看不了官方视频，后面渐渐作废，时隔多年大学无聊时来试了试联机版，虽然是一个人玩仍然很开心，能继续感受饥荒新的生物和剧情，感受之前记忆里细节被想起的愉悦，让人赞叹。,2023-05-02 23:41:02,2023-05-02 23:41:02,True,0,0,0,0,True,False,False,True,,197,False
76561199474941338,3,3,399,399,294,2023-05-03 01:24:45,137683239,schinese,nb,2023-05-02 23:37:24,2023-05-02 23:37:24,True,0,0,0,0,False,False,False,True,,2,False
76561199346038247,5,1,449,449,449,2023-05-02 23:36:01,137683185,schinese,很好玩,2023-05-02 23:36:17,2023-05-02 23:36:17,True,0,0,0,0,True,False,False,True,,3,False
76561199027977913,8,3,344,344,231,2023-05-03 01:20:47,137682623,schinese,nice,2023-05-02 23:24:42,2023-05-02 23:24:42,True,0,0,0,0,True,False,False,True,,4,False
76561199180356086,14,1,298,41,298,2023-05-02 23:19:41,137682392,schinese,很好 优化了不少 现在联机很快,2023-05-02 23:20:07,2023-05-02 23:20:07,True,0,0,0,0,True,False,False,True,,15,False
76561199037728208,48,5,1922,1107,1922,2023-05-02 23:18:16,137682320,schinese,6,2023-05-02 23:18:27,2023-05-02 23:18:27,True,0,0,0,0,True,False,False,True,,1,False
76561199246594957,5,2,11566,2,11564,2023-05-02 23:06:32,137681588,schinese,Special, mysterious and attractive,2023-05-02 23:01:37,2023-05-02 23:01:37,True,0,0,0,0,True,False,False,True,,34,False
76561199403594850,9,2,280,280,280,2023-05-02 21:04:53,137681299,schinese,消磨时间的好游戏;,2023-05-02 22:55:32,2023-05-02 22:55:32,True,0,0,0,0,True,False,False,True,,9,False
76561199492827199,3,1,180,81,180,2023-05-02 13:17:24,137680964,schinese,啥都好就是没有海难;,2023-05-02 22:48:14,2023-05-02 22:48:14,True,0,0,0,0,True,False,False,True,,10,False
76561199118109154,6,1,728,730,679,2023-05-03 01:30:26,137680967,schinese,hw,2023-05-02 22:48:04,2023-05-02 22:48:04,True,0,0,0,0,True,False,False,True,,2,False
76561198403754994,45,1,28038,54,28038,2023-05-02 11:15:56,137680849,schinese,怎么说呢 我就是被手把手带着的 开始什么都不会 就会捡捡材料 还动不动突然暴毙 ;但是朋友从来没有放弃过我 用各种方法把我复活 什么重生护符 救赎之心 每一次他卖血做救赎之心复活我 我都心疼;就这样带着我玩了200多个小时 后来我也学会了很多 不知不觉的玩了400多个小时了 也变成饥荒老油条了 ;但是朋友从21年底做完手术后就很难玩游戏了 但我还是会偶尔去到他家陪陪他 给他看看我扩建的基地 那是只属于我们两个的存档(目前已经1249天了) ;这款游戏对于我来说不仅仅只是个好游戏 还让我找到了一个好朋友 一个陪我一起快乐一起欢笑的的好兄弟,2023-05-02 22:45:04,2023-05-02 22:45:04,True,1,0,0.523809552192687988,0,True,False,False,True,,271,False
76561198882569212,6,1,28543,2563,28540,2023-05-03 00:05:25,137680281,schinese,好玩的,2023-05-02 22:32:49,2023-05-02 22:32:49,True,0,0,0,0,True,False,False,True,,3,False
76561199183987933,3,1,819,699,720,2023-05-03 01:35:25,137680153,schinese,最好先玩单机，再联机,2023-05-02 22:30:06,2023-05-02 22:30:06,True,0,0,0,0,True,False,False,True,,10,False
76561199027220097,5,1,720,720,720,2023-05-02 22:06:06,137679729,schinese,解饿,2023-05-02 22:20:06,2023-05-02 22:20:06,True,0,0,0,0,True,False,False,True,,2,False
76561199424458252,5,1,328,328,311,2023-05-02 22:38:32,137679682,schinese,什么破游戏，跟好友联机永远都闪退,2023-05-02 22:19:03,2023-05-02 22:19:03,False,0,0,0,0,True,False,False,True,,16,False
76561199215604495,37,21,501,501,501,2023-05-02 06:06:09,137679662,schinese,蛮好玩的,2023-05-02 22:18:42,2023-05-02 22:18:42,True,0,0,0.47999998927116394,0,True,False,False,True,,4,False
76561198282802703,23,4,2514,2514,2514,2023-05-02 18:32:59,137679621,schinese,我只能说，没玩过的游戏人是不完整的,2023-05-02 22:17:57,2023-05-02 22:17:57,True,0,0,0,0,True,False,False,True,,17,False
76561199351314528,27,1,22626,964,22626,2023-05-02 22:12:20,137679510,schinese,不好玩，在查理怀里睡了377小时。,2023-05-02 22:15:08,2023-05-02 22:15:08,True,0,0,0,0,True,False,False,True,,17,False
76561199444762951,26,1,220,220,181,2023-05-02 22:57:13,137679440,schinese,hao,2023-05-02 22:13:38,2023-05-02 22:13:38,True,0,0,0,0,True,False,False,True,,3,False
76561198866408237,56,13,244,244,244,2023-05-02 22:08:36,137679403,schinese,火女玩家玩薇洛玩得很开心，谢谢小熊,2023-05-02 22:12:50,2023-05-02 22:12:50,True,0,0,0,0,True,False,False,True,,17,False
76561199257661229,9,1,294,294,284,2023-05-03 00:35:13,137679300,schinese,nnd一进房间就闪退说mod禁用服了,2023-05-02 22:10:22,2023-05-02 22:10:22,True,0,0,0,0,True,False,False,True,,18,False
76561199003649054,25,1,399,209,399,2023-05-01 17:51:43,137679095,schinese,泰裤辣,2023-05-02 22:06:15,2023-05-02 22:06:15,True,0,0,0,0,True,False,False,True,,3,False
76561199078342913,41,4,213,213,213,2023-05-02 21:54:58,137679007,schinese,GOOD,2023-05-02 22:05:04,2023-05-02 22:05:04,True,0,0,0,0,True,False,False,True,,4,False
76561198410474687,38,4,4081,1424,4081,2023-05-02 21:56:55,137678787,schinese,太好玩辣，我要狠狠的种田,2023-05-02 22:02:09,2023-05-02 22:02:09,True,0,0,0,0,True,False,False,True,,12,False
76561198138666973,35,7,1439,1276,1246,2023-05-03 01:25:20,137678513,schinese,联机版现在有海滩和哈姆雷特吗？,2023-05-02 21:57:25,2023-05-02 21:57:25,True,0,0,0,0,True,False,False,True,,15,False
76561199092786948,8,3,606,606,460,2023-05-03 00:22:03,137678369,schinese,好游戏，可惜我不会码字写大长条评论，总之是好游戏,2023-05-02 21:55:28,2023-05-02 21:55:28,True,0,0,0,0,True,False,False,True,,24,False
76561198829070667,7,1,1305,1305,1093,2023-05-03 01:31:50,137678363,schinese,风格简单有趣好玩，适合女生以及和伴侣玩,2023-05-02 21:55:21,2023-05-02 21:55:21,True,0,0,0,0,True,False,False,True,,19,False
76561199220228142,3,1,20243,173,20243,2023-05-02 21:50:08,137678048,schinese,自由度高,2023-05-02 21:51:06,2023-05-02 21:51:06,True,0,0,0,0,False,False,False,True,,4,False
76561199183391719,22,5,275,275,275,2023-05-02 17:18:09,137677778,schinese,好好好,2023-05-02 21:47:19,2023-05-02 21:47:19,True,0,0,0,0,True,False,False,True,,3,False
76561199184396826,35,2,18345,515,18272,2023-05-02 23:37:45,137677729,schinese,神作,联机体验更佳,2023-05-02 21:46:40,2023-05-02 21:46:40,True,0,0,0,0,False,False,False,True,,9,False
76561199379383705,29,4,240,240,198,2023-05-02 22:28:58,137677707,schinese,好玩的丫;,2023-05-02 21:46:25,2023-05-02 21:46:25,True,0,0,0,0,False,False,False,True,,5,False
76561198999507367,15,1,1469,601,1469,2023-05-02 21:40:31,137677470,schinese,好玩,2023-05-02 21:42:50,2023-05-02 21:42:50,True,0,0,0,0,False,False,False,True,,2,False
76561198968875530,95,27,1804,0,1804,2022-06-05 23:06:02,137677132,schinese,最近评论里充斥着“我是傻逼”，口给我买这种傻逼评论(最近似乎还多了一种评论区养猫猫牛子精灵大屁股等的骗赞手法)，草拟吗你调侃自己是个傻逼,殊不知在有些人眼里那真是实至名归。操你妈的，挤出两个字写一下游戏感受很难么,你马勒戈壁发个“好玩”也行啊，非得再加几个汉字承认自己傻逼,好像一定要让所有中国人知道一样，但是路人管你傻逼还是脑瘫?路人只想玩游戏,路人只想冲爆，路人只想看正经评论决定游戏适不适合自己。这种吸引眼球的评论咱能不能少点?知道你他吗是在装幽默,老子要是看的每一条缩牛子评论都他妈显灵的话，老子牛子都快缩到脑子下面了。你发这个就是信这个是吧,点赞这条评论，每个发缩牛子评论的杂种牛子缩短1cm,点赞的身体健康，你的牛子已经很完美了，不需要其他外力了，请爱护它。而且这种评论真的很膈应人(这种sb评论为什么总是能上热评啊草他吗的),2023-05-02 21:37:14,2023-05-02 21:37:14,True,0,1,0,0,True,False,False,True,,369,False
76561199433801488,8,6,287,149,245,2023-05-02 22:16:07,137676854,schinese,这个游戏的探索性很强;,2023-05-02 21:33:11,2023-05-02 21:33:11,True,0,0,0,0,True,False,False,True,,11,False
76561199201813218,16,4,314,314,234,2023-05-02 22:56:19,137676719,schinese,999999,2023-05-02 21:30:57,2023-05-02 21:30:57,True,0,0,0,0,True,False,False,True,,6,False
76561198969635997,30,8,25265,65,25234,2023-05-02 21:48:42,137676291,schinese,十周年庆65000科雷点数，本体打一折，这才是活动本来的样子啊。;某些游戏你看看人家（小声）。;这样的游戏你不入手你还在等什么！;今天我就是科雷的狗！,2023-05-02 21:24:45,2023-05-02 21:24:45,True,0,0,0,0,False,False,False,True,,75,False
76561198257585071,56,1,818,60,757,2023-05-03 01:12:25,137676274,schinese,更新版本等半天不动~！,2023-05-02 21:24:17,2023-05-02 21:24:17,False,0,0,0,0,False,False,False,True,,11,False
76561199386448455,3,1,617,617,617,2023-05-01 16:16:39,137676229,schinese,挺好，就是对新手不太友好，太难了,2023-05-02 21:23:08,2023-05-02 21:23:08,True,0,0,0,0,True,False,False,True,,16,False
76561198870624116,2,1,1518,1329,1514,2023-05-02 21:17:31,137675919,schinese,和朋友玩卡死，自己建服务器还是卡死，网络没问题;,2023-05-02 21:15:34,2023-05-02 21:15:34,False,0,0,0,0,False,False,False,True,,24,False
76561198316180566,141,128,7,7,7,2023-05-02 21:03:39,137675771,schinese,四块八买一送一，还有什么好说的？,2023-05-02 21:11:58,2023-05-02 21:11:58,True,0,0,0,0,False,False,False,True,,16,False
76561198849860002,39,2,1134,31,1102,2023-05-02 22:53:01,137675644,schinese,好玩,2023-05-02 21:08:56,2023-05-02 21:08:56,True,0,0,0,0,True,False,False,True,,2,False
76561199096203329,8,1,596,596,482,2023-05-02 23:20:32,137675598,schinese,要多卡有多卡 玩一会儿就稳定掉一次线,2023-05-02 21:07:55,2023-05-02 21:07:55,False,0,0,0.476190477609634399,0,True,False,False,True,,18,False
76561198448728861,19,1,478,478,448,2023-05-02 21:36:24,137675468,schinese,真好玩,2023-05-02 21:04:48,2023-05-02 21:04:48,True,0,0,0,0,True,False,False,True,,3,False
76561198955810129,51,1,273,273,240,2023-05-02 21:34:05,137675376,schinese,111,2023-05-02 21:02:54,2023-05-02 21:02:54,True,0,0,0,0,True,False,False,True,,3,False
76561198314815542,84,9,6787,2507,6647,2023-05-02 23:55:16,137675166,schinese,请奖励这条评论，我还差2000点去买那些骚逼头像和背景，给我点赞牛子精灵会让你增长1cm，奖励我的人牛子增长10cm.,2023-05-02 20:58:18,2023-05-02 20:58:18,True,0,0,0.454545468091964722,0,True,False,False,True,,59,False
76561199312263739,9,2,31,31,31,2023-05-02 10:10:40,137675007,schinese,好玩,2023-05-02 20:54:15,2023-05-02 20:54:15,True,0,0,0,0,True,False,False,True,,2,False
76561198799504681,10,1,1782,7,1782,2023-05-02 20:36:57,137674920,schinese,嘿嘿好玩;,2023-05-02 20:52:15,2023-05-02 20:52:15,True,0,0,0,0,True,False,False,True,,5,False
76561198871200228,7,3,1665,12,1653,2023-05-02 21:12:24,137674867,schinese,顾名思义，联机版，一个人肯定不好玩吗，一起白给多有意思,2023-05-02 20:50:42,2023-05-02 20:50:42,True,0,0,0,0,True,False,False,True,,27,False
76561199202143031,18,3,230,230,220,2023-05-02 23:44:29,137674850,schinese,嘎嘎去世,2023-05-02 20:50:16,2023-05-02 20:50:16,True,0,0,0,0,True,False,False,True,,4,False
76561199137719714,33,27,183,183,183,2023-05-01 23:35:16,137674743,schinese,好玩,2023-05-02 20:47:23,2023-05-02 20:47:23,True,0,0,0,0,False,False,False,True,,2,False
76561198815486767,4,1,1660,1660,1497,2023-05-02 23:29:43,137674702,schinese,极其适合大学生宿舍生产！,2023-05-02 20:46:41,2023-05-02 20:46:41,True,0,0,0,0,True,False,False,True,,12,False
76561199195661051,26,3,194,194,194,2023-05-02 13:58:28,137674671,schinese,陪朋友玩的 他很喜欢 而我不一样 我喜欢他;,2023-05-02 20:45:54,2023-05-02 20:45:54,True,0,0,0,0,True,False,False,True,,22,False
76561199265522355,3,3,221,221,221,2023-05-02 20:30:28,137674082,schinese,nb,2023-05-02 20:30:51,2023-05-02 20:30:51,True,0,0,0,0,False,False,False,True,,2,False
76561198980895315,9,1,1728,1728,1686,2023-05-02 21:07:25,137673884,schinese,相当好玩;,2023-05-02 20:25:58,2023-05-02 20:25:58,True,0,0,0,0,False,False,False,True,,5,False
76561198453420778,26,1,6274,2424,6031,2023-05-03 00:27:44,137673811,schinese,一玩就是一天，玩了饥，不玩荒,2023-05-02 20:24:15,2023-05-02 20:24:15,True,0,0,0,0,True,False,False,True,,14,False
76561199468971950,3,1,6,6,6,2023-05-02 17:26:24,137673724,schinese,玩就对了,2023-05-02 20:21:36,2023-05-02 20:21:36,True,0,0,0,0,True,False,False,True,,4,False
76561199162404268,15,5,418,53,418,2023-05-02 18:39:07,137673718,schinese,不是哥们儿这也能背刺？,2023-05-02 20:21:27,2023-05-02 20:21:27,True,0,0,0,0,False,False,False,True,,11,False
76561199487511659,3,1,4128,2049,3838,2023-05-03 01:06:21,137673579,schinese,斯国一，非常的好玩,2023-05-02 20:17:56,2023-05-02 20:17:56,True,0,0,0,0,True,False,False,True,,9,False
76561199471040554,11,1,724,724,604,2023-05-02 22:36:17,137673537,schinese,6,2023-05-02 20:16:55,2023-05-02 20:16:55,True,0,0,0,0,True,False,False,True,,1,False
76561198317930451,66,2,21978,923,21774,2023-05-02 23:40:48,137673509,schinese,联机玩成单机，现在我是哭唧唧,2023-05-02 20:16:08,2023-05-02 20:16:08,True,0,1,0,0,True,False,False,True,,14,False
76561198421727511,33,1,305,57,285,2023-05-02 20:34:13,137672937,schinese,好用,2023-05-02 20:00:05,2023-05-02 20:00:05,True,0,0,0,0,True,False,False,True,,2,False
76561199277128250,12,2,272,0,272,2023-02-19 11:25:10,137672755,schinese,完了，难受坏了，才玩了4个小时退不了了，今天看到4.8买两个人的，被背刺了,2023-05-02 19:54:34,2023-05-02 19:54:34,True,0,0,0,0,False,False,False,True,,37,False
76561199244784650,15,2,12240,866,12075,2023-05-02 22:39:55,137672740,schinese,Good game!,2023-05-02 19:53:36,2023-05-02 19:53:36,True,0,0,0,0,True,False,False,True,,10,False
76561199217128015,3,2,2944,276,2944,2023-04-30 19:21:27,137672707,schinese,好玩,2023-05-02 19:53:02,2023-05-02 19:53:02,True,0,0,0,0,True,False,False,True,,2,False
76561198972563983,9,4,1339,1339,1199,2023-05-02 22:42:35,137672704,schinese,好玩到跟本停不下来！?;?????????????? ???????????????;??????????????????????????????;??????????????????????????????;??????????????????????????????;??????????????????????????????;??????????????????????????????;??????????????????????????????;??????????????????????????????;??????????????????????????????;??????????????????????????????;??????????????????????????????;??????????????????????????????;?????????????,2023-05-02 19:52:59,2023-05-02 19:52:59,True,0,1,0,0,False,False,False,True,,397,False
76561199134315976,51,29,551,0,551,2022-12-20 20:04:10,137672653,schinese,陪朋友玩的 他很喜欢 而我不一样 我喜欢他,2023-05-02 19:51:34,2023-05-02 19:51:34,True,0,0,0.472972989082336426,0,True,False,False,True,,21,False
76561199259762010,14,5,422,240,422,2023-05-02 19:47:52,137672551,schinese,我的评价是：好,2023-05-02 19:48:33,2023-05-02 19:48:33,True,0,0,0,0,True,False,False,True,,7,False
76561199479284643,2,1,551,551,383,2023-05-02 22:30:42,137672305,schinese,123,2023-05-02 19:41:46,2023-05-02 19:41:46,True,0,0,0,0,True,False,False,True,,3,False
76561199183578466,2,4,2321,1866,2321,2023-05-02 19:40:06,137672258,schinese,nb;,2023-05-02 19:40:09,2023-05-02 19:40:09,True,0,0,0,0,False,False,False,True,,3,False
76561199416995255,3,2,823,823,802,2023-05-02 19:58:03,137672162,schinese,有意思,2023-05-02 19:37:10,2023-05-02 19:37:10,True,0,0,0,0,True,False,False,True,,3,False
76561199477297441,1,1,23,23,23,2023-05-01 11:24:48,137672113,schinese,没有感觉,2023-05-02 19:35:47,2023-05-02 19:35:47,True,0,0,0,0,True,False,False,True,,4,False
76561199389596154,2,1,753,753,632,2023-05-02 21:38:24,137672104,schinese,好玩,2023-05-02 19:35:36,2023-05-02 19:35:36,True,0,0,0,0,True,False,False,True,,2,False
76561199160417273,23,1,37307,6326,37307,2023-05-02 19:51:40,137671982,schinese,玩多了就是。。。孤独,2023-05-02 19:31:47,2023-05-02 19:31:47,True,0,0,0,0,True,False,False,True,,10,False
76561199494313769,7,2,344,344,246,2023-05-03 00:43:33,137671754,schinese,作为一个新手，我想说，一定要看好自己的血量！还有打怪要穿装备啊啊啊啊啊！,2023-05-02 19:27:37,2023-05-02 19:27:37,True,2,0,0.545454561710357666,0,True,False,False,True,,36,False
76561198943246433,34,9,2626,1924,2626,2023-05-02 18:31:17,137671724,schinese,好玩,2023-05-02 19:27:12,2023-05-02 19:27:12,True,0,0,0,0,True,False,False,True,,2,False
76561198860656039,108,30,299,299,299,2023-05-02 18:47:06,137670866,schinese,这个是什么？吃一口，啊掉血。那个是什么？吃一口，啊掉血。,2023-05-02 19:12:41,2023-05-02 19:12:41,True,0,1,0,0,True,False,False,True,,28,False
76561199489326345,3,1,210,210,210,2023-05-02 18:44:57,137669804,schinese,求打赏,2023-05-02 18:54:46,2023-05-02 18:54:46,True,1,0,0.502074718475341797,0,True,False,False,True,,3,False
76561199199287362,8,4,500,500,500,2023-05-02 12:31:00,137669688,schinese,你好,陌生人,请问你可以给这个可怜的猫猫一些steam点数吗？ 它已经3年没有吃饭了;　　　　 　　 ＿＿;　　　 　　／＞　　フ;　　　 　　| 　_　 _ l;　 　　 　／` ミ＿xノ;　　 　 /　　　 　 |;　　　 /　 c　　 ?;　 　 │　　|　|　|;　／￣|　　 |　|　|;　| (￣c＿_c_)__);　＼二つ;,2023-05-02 18:52:53,2023-05-02 18:52:53,True,1,0,0.458333343267440796,0,True,False,False,True,,169,False
76561199348720055,3,3,289,289,289,2023-05-01 21:16:11,137669541,schinese,666,2023-05-02 18:48:13,2023-05-02 18:48:13,True,0,0,0,0,True,False,False,True,,3,False
76561199211236268,3,1,2271,1138,2190,2023-05-02 23:16:12,137669442,schinese,很好玩,2023-05-02 18:45:27,2023-05-02 18:45:27,True,0,0,0,0,True,False,False,True,,3,False
76561199483078571,8,3,669,669,669,2023-05-01 17:09:08,137669055,schinese,nb,2023-05-02 18:33:22,2023-05-02 18:33:22,True,0,0,0,0,True,False,False,True,,2,False
76561199465900241,6,1,341,341,269,2023-05-02 19:45:56,137669020,schinese,好玩,2023-05-02 18:32:12,2023-05-02 18:32:12,True,0,0,0,0,True,False,False,True,,2,False
76561199403375200,5,2,5777,4320,5777,2023-05-02 18:23:31,137668905,schinese,好玩,2023-05-02 18:28:10,2023-05-02 18:28:10,True,0,0,0,0,True,False,False,True,,2,False
76561199369786594,5,5,1885,1885,1705,2023-05-03 00:02:17,137668689,schinese,4.8买的，带我的大佬说4.8买的有病毒，大家记得退款回头买原价的。,2023-05-02 18:21:21,2023-05-02 18:21:21,True,1,0,0.523809552192687988,0,True,False,False,True,,34,False
76561199063121908,15,5,192,192,41,2023-05-02 22:28:32,137668619,schinese,老玩家了，买个情怀,2023-05-02 18:18:25,2023-05-02 18:18:25,True,0,0,0,0,True,False,False,True,,9,False
76561198315853891,47,3,238,238,181,2023-05-02 19:08:49,137668400,schinese,《简单的要死 》,2023-05-02 18:11:37,2023-05-02 18:11:37,True,0,0,0,0,True,False,False,True,,8,False
76561199381166820,9,1,908,908,759,2023-05-02 22:40:08,137667517,schinese,挺不错的，就是几个人配合不好,2023-05-02 17:41:56,2023-05-02 17:41:56,True,0,0,0,0,True,False,False,True,,14,False
76561199227091087,18,1,1756,380,1511,2023-05-02 21:37:02,137667147,schinese,6;6;6;66;66;66;6;6;;36;6;6;6;6;6;6;6;6;6;6;6;6;6;6;6;6;6;6;6;6;6;6;6;6;6;6;6;6;6;6;6;6;66;6;6;6;6;6;6;6;66;;6;6;6;6;6;66;6;6;6;6;6;6;6;6;6;6;6;6;6;6;66;6;6;6;6;6;6;6;6;6;6;6;6;6;6;6;6;6;6;6;6;6;6;6;6;6;6;6;6;6;6;6;6;6;6;6;6;6;6;6;6;6;6;6;6;6;6;6;6;6;6;6;6;6;66;6;66;6;6;6;6;6;6;;;;;;;;;;;;;;;;;;;;;;;6;;66;6;6;6;6;;6;6;6;66;6;6;66666;6;666;6;;6;66;;66;6;6;;66;6;6;6;6;6;;66;;66;6;;;;;;;;;;;;;;;;;;6;;;;;;;;;;;;;;6;,2023-05-02 17:30:07,2023-05-02 17:30:07,True,0,0,0.454545468091964722,0,True,False,False,True,,414,False
76561198433349473,20,1,731,731,706,2023-05-02 18:11:21,137667003,schinese,买一送一嘎嘎香,2023-05-02 17:24:45,2023-05-02 17:24:45,True,0,0,0,0,True,False,False,True,,7,False
76561198129947454,14,8,452,452,404,2023-05-02 21:15:49,137667001,schinese,入手有点难，最高配置还是朋友,2023-05-02 17:24:44,2023-05-02 17:24:44,True,0,0,0,0,True,False,False,True,,14,False
76561199210925853,5,1,3058,2690,2978,2023-05-02 19:32:42,137666690,schinese,妙啊;,2023-05-02 17:15:32,2023-05-02 17:15:32,True,0,0,0,0,True,False,False,True,,3,False
76561199172936631,2,1,209,209,201,2023-05-02 23:36:13,137666605,schinese,进不去,2023-05-02 17:12:32,2023-05-02 17:12:32,True,0,0,0,0,True,True,False,True,,3,False
76561198319523296,52,7,226,226,226,2023-05-02 02:18:19,137666371,tchinese,My friend died a lot is so funny.,2023-05-02 17:05:42,2023-05-02 17:05:42,True,0,0,0,0,True,False,False,True,,33,False
76561198391548615,71,9,579,173,570,2023-05-02 17:15:01,137666347,schinese,不会真有人面对4.8双份饥荒会犹豫吧。我12买的不说值不值亏不亏，只能说买早了。错过我建议你别买了,2023-05-02 17:05:00,2023-05-02 17:05:00,True,0,0,0,0,False,False,False,True,,49,False
76561199348082346,16,2,237,237,237,2023-05-02 17:03:38,137666315,schinese,牛牛,2023-05-02 17:03:57,2023-05-02 17:03:57,False,0,0,0.476190477609634399,0,True,False,False,True,,2,False
76561198376566007,8,1,10590,243,10347,2023-05-02 20:55:21,137666187,schinese,超级喜欢玩饥荒,2023-05-02 16:58:59,2023-05-02 16:58:59,True,0,0,0,0,True,False,False,True,,7,False
76561199134446381,4,1,741,741,392,2023-05-03 00:34:47,137666171,schinese,好,2023-05-02 16:58:16,2023-05-02 16:58:16,True,0,0,0,0,True,False,False,True,,1,False
76561198453861781,137,17,1342,1342,964,2023-05-02 23:16:46,137666089,schinese,游戏有毒，一上手就停不下来了，建议没有太多时间想简单找个游戏玩的慎入，除非你能把控住自己，我刚玩了两天游戏时间16个小时，这好吗，这不好,2023-05-02 16:55:25,2023-05-02 16:55:25,True,1,0,0,0,True,False,False,True,,68,False
76561199007974784,12,4,812,191,621,2023-05-02 20:06:42,137665828,schinese,彳亍,2023-05-02 16:46:24,2023-05-02 16:46:24,True,0,0,0,0,True,False,False,True,,2,False
76561199240186665,13,1,981,981,739,2023-05-03 00:19:08,137665537,schinese,配置只需要朋友，非常好玩,2023-05-02 16:36:03,2023-05-02 16:36:03,True,0,0,0,0,True,False,False,True,,12,False
76561198988001093,113,12,1226,1208,926,2023-05-03 00:30:25,137665115,schinese,很难想象一个做了十年的游戏服务器还是这么垃圾，充斥着各种问题，闪退，无法连接到，私服吞mod，玩到特定天数就无限卡退，一直想玩一直被恶心，十年了还是跟当初买它是一样的问题，皮肤没少出,2023-05-02 16:20:07,2023-05-02 16:20:07,False,1,0,0,0,True,False,False,True,,91,False
76561199037612204,14,2,17783,478,17320,2023-05-03 00:50:17,137665069,schinese,真的不好玩,2023-05-02 16:19:00,2023-05-02 16:19:00,True,0,0,0,0,True,False,False,True,,5,False
76561199086834021,11,1,235,235,235,2023-05-02 16:09:27,137664898,schinese,有人需要吗，我可以送,2023-05-02 16:12:03,2023-05-02 16:12:03,True,3,1,0.563492059707641602,0,True,False,False,True,,10,False
76561198974735198,55,1,3711,177,3662,2023-05-02 18:23:36,137664869,schinese,1,2023-05-02 16:11:01,2023-05-02 16:11:01,True,0,0,0,0,True,False,False,True,,1,False
76561199128003488,5,1,3295,68,3290,2023-05-02 16:12:00,137664732,schinese,bug多的要死 模组卡死一直好不了 垃圾,2023-05-02 16:05:59,2023-05-02 16:05:59,False,1,0,0.458333343267440796,0,False,False,False,True,,20,False
76561199192443963,11,7,243,243,213,2023-05-02 16:30:56,137664610,schinese,真是太好玩了,2023-05-02 16:00:58,2023-05-02 16:00:58,True,0,0,0,0,True,False,False,True,,6,False
76561198855878379,30,4,618,618,409,2023-05-02 20:19:31,137664568,schinese,还不错，就是需要大量时间了解具体的游戏机制。,2023-05-02 15:59:19,2023-05-02 15:59:19,True,0,0,0,0,True,False,False,True,,22,False
76561199486547828,3,1,547,547,181,2023-05-02 22:51:31,137664174,schinese,不错,2023-05-02 15:45:14,2023-05-02 15:45:14,True,0,0,0,0,True,False,False,True,,2,False
76561199375393707,8,1,287,287,239,2023-05-03 00:07:54,137664069,schinese,是一款好游戏,2023-05-02 15:40:45,2023-05-02 15:40:45,True,0,0,0,0,False,False,False,True,,6,False
76561199240480464,8,1,335,335,311,2023-05-02 15:54:35,137663692,schinese,tinghao,2023-05-02 15:27:38,2023-05-02 15:27:38,True,0,0,0,0,True,True,False,True,,7,False
76561199154981019,12,4,515,515,485,2023-05-02 21:39:02,137663536,schinese,从一个画面简陋的单机游戏，转变成画面简陋的联机游戏，又进化成世界丰富的简陋联机游戏，不得不说克雷是真用心经营。?,2023-05-02 15:22:33,2023-05-02 19:22:01,True,0,0,0,0,True,False,False,True,,56,True
76561198827140081,130,5,15,15,15,2023-04-29 13:36:18,137663416,schinese,给我点赞不会对你的牛子有任何影响 但是我只想要 Steam点数买涩涩的头像啊啊啊!!!!!!!!!,2023-05-02 15:17:34,2023-05-02 15:17:34,True,2,0,0.523809552192687988,0,True,False,False,True,,49,False
76561199424356413,4,1,10020,323,10020,2023-05-01 14:50:18,137663385,schinese,喜欢,2023-05-02 15:16:54,2023-05-02 15:16:54,True,0,0,0,0,False,False,False,True,,2,False
76561198805654102,28,1,336,0,336,2023-02-16 16:29:04,137663215,schinese,1,2023-05-02 15:09:44,2023-05-02 15:09:44,True,0,0,0,0,False,False,False,True,,1,False
76561199386021295,2,1,6300,2935,6053,2023-05-02 22:00:59,137663024,schinese,游戏很好玩，猪哥很喜欢,2023-05-02 15:04:17,2023-05-02 15:04:17,True,0,0,0,0,False,False,False,True,,11,False
76561199198667168,25,2,17385,1026,17198,2023-05-02 22:10:01,137662882,schinese,没意思,2023-05-02 14:59:11,2023-05-02 14:59:11,True,0,0,0,0,True,False,False,True,,3,False
76561198819108173,11,2,975,904,830,2023-05-02 17:18:32,137662734,schinese,非常好,2023-05-02 14:53:26,2023-05-02 14:53:26,True,0,0,0,0,True,False,False,True,,3,False
76561199196327331,39,3,260,98,260,2023-05-02 14:47:42,137662635,schinese,byd,垃圾游戏，如果想和朋友联机玩得自建服务器，md受不了了,2023-05-02 14:49:07,2023-05-02 14:49:07,False,0,0,0.456431567668914795,0,True,False,False,True,,31,False
76561199071169095,10,1,656,260,643,2023-05-02 15:00:54,137662600,schinese,第一次体会到探索的快乐！谢谢饥荒！,2023-05-02 14:47:55,2023-05-02 14:47:55,True,0,0,0,0,True,False,False,True,,17,False
76561199401347898,63,4,1051,1073,762,2023-05-03 01:05:42,137662537,schinese,断连，垃圾,2023-05-02 14:45:26,2023-05-02 14:45:26,False,0,0,0.456431567668914795,0,True,False,False,True,,5,False
76561199120925079,4,1,4402,664,3792,2023-05-03 01:06:31,137662511,schinese,很有意思的游戏,2023-05-02 14:44:15,2023-05-02 14:44:15,True,0,0,0,0,True,False,False,True,,7,False
76561198836441406,11,2,1102,1102,654,2023-05-02 23:24:39,137662284,schinese,6,2023-05-02 14:35:28,2023-05-02 14:35:28,True,0,0,0,0,True,False,False,True,,1,False
76561198951564682,10,1,247,247,156,2023-05-02 16:09:37,137662006,schinese,好玩捏,2023-05-02 14:25:08,2023-05-02 14:25:08,True,0,0,0,0,True,False,False,True,,3,False
76561198822980365,24,3,822,822,608,2023-05-02 22:46:26,137661916,schinese,好,2023-05-02 14:21:51,2023-05-02 14:21:51,True,0,0,0,0,True,False,False,True,,1,False
76561199366455121,4,1,2675,2675,2382,2023-05-02 21:00:56,137661883,schinese,好,2023-05-02 14:20:55,2023-05-02 14:20:55,True,0,0,0,0,False,False,False,True,,1,False
76561199235705279,5,2,984,984,829,2023-05-02 22:24:52,137661849,schinese,加强弹弓小子！！！！！！,2023-05-02 14:19:26,2023-05-02 14:19:26,True,0,0,0,0,True,False,False,True,,12,False
76561199242097656,7,3,13010,2611,12950,2023-05-02 18:56:15,137661768,schinese,good,2023-05-02 14:16:28,2023-05-02 14:16:28,True,0,0,0,0,True,False,False,True,,4,False
76561198848907787,4,1,12351,3267,12073,2023-05-02 18:54:13,137661722,schinese,好！,2023-05-02 14:14:43,2023-05-02 14:14:43,True,0,0,0,0,True,False,False,True,,2,False
76561199191551875,23,6,300,286,227,2023-05-02 15:26:09,137661689,schinese,好评,2023-05-02 14:13:18,2023-05-02 14:13:18,True,0,0,0,0,True,False,False,True,,2,False
76561199181635444,8,2,9149,4972,8694,2023-05-02 22:18:43,137660944,schinese,嗯，不错;,2023-05-02 13:45:51,2023-05-02 13:45:51,True,0,0,0,0,True,False,False,True,,5,False
76561199028085463,8,2,201,0,201,2023-01-26 16:50:50,137660763,schinese,18买的，现在我是sb,2023-05-02 13:38:52,2023-05-02 13:38:52,True,0,0,0,0,False,False,False,True,,11,False
76561198856251683,24,2,492,492,357,2023-05-03 01:08:40,137660666,tchinese,a lot of mod,2023-05-02 13:35:43,2023-05-02 13:35:43,True,0,0,0,0,True,False,False,True,,12,False
76561199429283404,4,1,187,187,187,2023-05-01 01:21:50,137660583,schinese,游戏富有挑战 内容足够新颖 可联机的设定大大增加了游戏的可玩性唯一的不足是此游戏的活动较少使玩家缺乏长期游玩的心情 建议将需要付费的角色开放免费试玩以提高游戏游玩兴趣或开展更多有意思的模式或活动,2023-05-02 13:32:34,2023-05-02 13:32:34,True,0,0,0,0,False,True,False,True,,97,False
76561198414616965,24,4,594,443,503,2023-05-02 15:07:20,137660530,schinese,好玩，比原神崩坏星穹铁道明日方舟崩坏三王者荣耀都好玩,2023-05-02 13:30:45,2023-05-02 13:30:45,True,1,0,0.500320315361022949,0,True,False,False,True,,26,False
76561199129942834,8,1,850,668,624,2023-05-02 17:18:40,137660513,schinese,除了累没有什么毛病,2023-05-02 13:30:16,2023-05-02 13:30:16,True,0,0,0,0,True,False,False,True,,9,False
76561198986078785,9,4,215,215,203,2023-05-02 13:50:07,137660409,schinese,泰裤辣,2023-05-02 13:26:45,2023-05-02 13:26:45,True,0,0,0,0,True,False,False,True,,3,False
76561198890300374,111,19,24,24,24,2023-05-02 13:23:51,137660332,schinese,我是聪明逼,2023-05-02 13:24:11,2023-05-02 13:24:11,True,0,0,0,0,True,False,False,True,,5,False
76561199098350436,17,5,1576,1576,1101,2023-05-02 23:32:13,137660103,schinese,几个人玩才有意思;,2023-05-02 13:15:50,2023-05-02 13:15:50,True,0,0,0,0,True,False,False,True,,9,False
76561199090781436,75,7,2245,2245,1954,2023-05-02 23:04:55,137659982,schinese,我是聪明b,2023-05-02 13:11:30,2023-05-02 13:11:30,True,0,1,0,0,True,False,False,True,,5,False
76561199033855204,6,1,340,340,261,2023-05-02 14:18:49,137659647,schinese,good,2023-05-02 12:59:53,2023-05-02 12:59:53,True,1,0,0.523809552192687988,0,True,False,False,True,,4,False
76561199402907309,11,1,2230,31,2230,2023-04-28 14:04:34,137659631,schinese,总体还可以，不过缺少新手引导，还得自己去搜集教程,2023-05-02 12:59:13,2023-05-02 12:59:13,True,0,0,0,0,True,False,False,True,,24,False
76561199494961881,11,2,852,852,751,2023-05-02 14:36:56,137659565,schinese,我是弱智,2023-05-02 12:56:51,2023-05-02 12:56:51,True,0,0,0,0,True,False,False,True,,4,False
76561198887050437,7,2,2411,2411,1956,2023-05-03 00:51:20,137659274,schinese,太油趣了,2023-05-02 12:46:47,2023-05-02 12:46:47,True,0,0,0,0,True,False,False,True,,4,False
76561199480701810,6,4,40,40,40,2023-05-02 12:12:28,137658590,schinese,4.8这不就是白送吗，可以不玩，但必须有,2023-05-02 12:23:29,2023-05-02 12:23:29,True,1,0,0.523809552192687988,0,True,False,False,True,,20,False
76561199439565578,3,4,370,370,275,2023-05-02 22:31:04,137658523,schinese,什么时候才能饱荒呀,2023-05-02 12:20:53,2023-05-02 12:20:53,True,0,0,0,0,True,False,False,True,,9,False
76561199260448229,4,2,296,296,224,2023-05-02 21:11:16,137658298,schinese,很好玩，已经死了很多次了，又难又好玩！已经死了十几次了（）;插一句，孩子想要点数买物品！;,2023-05-02 12:13:58,2023-05-02 12:13:58,True,1,0,0.523809552192687988,0,True,False,False,True,,45,False
76561199250485912,6,1,462,462,194,2023-05-03 00:20:52,137657908,schinese,VERY GOOD;,2023-05-02 12:00:39,2023-05-02 12:00:39,True,0,0,0,0,True,False,False,True,,10,False
76561199487283841,5,2,470,470,464,2023-05-02 11:59:35,137657863,schinese,好玩;,2023-05-02 11:58:56,2023-05-02 11:58:56,True,0,0,0,0,True,False,False,True,,3,False
76561199046591526,15,3,702,702,628,2023-05-02 16:01:07,137657679,schinese,好东西,2023-05-02 11:52:59,2023-05-02 11:52:59,True,0,0,0,0,True,False,False,True,,3,False
76561199179645112,10,2,69772,128,69772,2023-04-29 15:15:52,137657532,schinese,hw,2023-05-02 11:47:57,2023-05-02 11:47:57,True,0,0,0,0,True,False,False,True,,2,False
76561199382158211,11,2,256,256,256,2023-04-30 17:04:07,137657528,schinese,有小伙伴的可以入,2023-05-02 11:47:31,2023-05-02 11:47:31,True,0,0,0,0,True,False,False,True,,8,False
76561199044385269,7,1,1702,1702,1183,2023-05-03 01:21:55,137657220,schinese,简直太好玩了，硬核生存！,2023-05-02 11:37:59,2023-05-02 11:37:59,True,0,0,0,0,False,False,False,True,,12,False
76561199261062496,1,1,16228,790,15835,2023-05-02 23:26:03,137656841,schinese,画风和规则设定都很有意思。,2023-05-02 11:25:07,2023-05-02 11:25:07,True,0,0,0,0,True,False,False,True,,13,False
76561199022874665,49,1,1060,1060,775,2023-05-02 21:44:24,137656535,schinese,值得玩,2023-05-02 11:15:07,2023-05-02 11:15:07,True,0,0,0,0,True,False,False,True,,3,False
76561199193019878,41,7,289,198,289,2023-04-26 13:42:03,137656515,schinese,玩饥荒魔怔后在现实世界;睡觉时;"可恶，越来越饿了";傍晚时：”可恶，精神值掉了";吃饭时：“哈哈哈，爷血条回满了”,2023-05-02 11:14:47,2023-05-02 11:14:47,True,1,0,0.523809552192687988,0,True,False,False,True,,58,False
76561198829374290,19,4,18913,455,18619,2023-05-02 15:56:50,137656494,schinese,牛哇,2023-05-02 11:14:04,2023-05-02 11:14:04,True,0,0,0,0,True,False,False,True,,2,False
76561198109657496,92,2,5595,1509,5377,2023-05-03 01:28:17,137656480,tchinese,W路上有很多模M，生存更p,2023-05-02 11:13:37,2023-05-02 11:13:37,True,0,0,0,0,True,False,False,True,,15,False
76561199393043126,2,1,3593,1670,3359,2023-05-02 20:35:26,137656304,schinese,小学时了解到的那时没电脑现在来还愿了,2023-05-02 11:08:36,2023-05-02 11:08:36,True,0,0,0,0,True,False,False,True,,18,False
76561199076299818,12,2,475,475,325,2023-05-02 22:08:25,137656269,schinese,好玩，就是比较硬核,2023-05-02 11:07:26,2023-05-02 11:07:26,True,0,0,0,0,True,False,False,True,,9,False
76561199211860193,32,5,23723,1,23723,2023-05-02 11:06:08,137656252,schinese,四百个小时没什么好说的，玩不来饥荒的人有难了,2023-05-02 11:06:47,2023-05-02 11:06:47,True,0,0,0,0,True,False,False,True,,22,False
76561199478515818,7,1,649,649,477,2023-05-02 14:06:26,137656188,schinese,不错,2023-05-02 11:04:48,2023-05-02 11:04:48,True,0,0,0,0,False,False,False,True,,2,False
76561198422979351,3,5,404,404,404,2023-05-02 10:36:42,137656159,schinese,我是傻逼，4月24日24块钱买的，然后就十周年只要4块钱，退款退不了，这才是我steam上买的第二款游戏啊，背刺这么快的吗（泪）,2023-05-02 11:03:56,2023-05-02 11:03:56,True,1,0,0.523809552192687988,0,True,False,False,True,,64,False
76561199424501925,14,1,224,224,138,2023-05-02 21:53:08,137656149,schinese,好玩，就是新手有点玩不明白，活不过七天,2023-05-02 11:03:33,2023-05-02 11:03:33,True,0,0,0,0,True,False,False,True,,19,False
76561198009209244,38,1,22,22,22,2023-05-01 09:21:22,137656006,schinese,4.8买了玩了40分钟 玩不懂，就退，把我赠送的那份也收走了。谁和我一样啊,2023-05-02 10:59:45,2023-05-02 10:59:45,True,0,0,0,0,False,False,False,True,,37,False
76561198413755716,36,9,1930,1825,1347,2023-05-02 22:23:01,137655850,schinese,yyds,2023-05-02 10:55:22,2023-05-02 10:55:22,True,0,0,0,0,False,False,False,True,,4,False
76561199028450492,46,8,3058,3058,2250,2023-05-03 01:18:10,137655828,schinese,不愧是沙盒三巨头之一,2023-05-02 10:54:41,2023-05-02 10:54:41,True,0,0,0,0,True,False,False,True,,10,False
76561199221147507,14,13,1262,1262,676,2023-05-02 22:35:44,137655572,schinese,好玩;,2023-05-02 10:47:17,2023-05-02 10:47:17,True,0,0,0,0,True,False,False,True,,3,False
76561198326318939,20,1,12998,760,12895,2023-05-03 01:13:05,137655552,schinese,很适合双人或者多人联机一起玩的游戏，可以收获很多欢乐！,2023-05-02 10:46:45,2023-05-02 10:46:45,True,0,0,0,0,True,False,False,True,,27,False
76561199129926662,33,1,8128,43,8095,2023-05-02 21:44:11,137655486,schinese,哈！,2023-05-02 10:45:01,2023-05-02 10:45:01,True,0,0,0,0,True,False,False,True,,2,False
76561198016831277,1163,24,310,4,305,2023-05-02 10:45:56,137655402,schinese,好评,2023-05-02 10:43:05,2023-05-02 10:43:05,True,0,0,0,0,True,False,False,True,,2,False
76561199201784328,10,5,24,24,9,2023-05-02 10:50:11,137655302,schinese,为什么调成中文就是问号;怎么解决,2023-05-02 10:40:11,2023-05-02 10:40:11,True,0,0,0,0,True,False,False,True,,16,False
76561199001084335,44,9,702,0,702,2022-06-08 21:13:40,137654898,tchinese,I91的P子,2023-05-02 10:28:00,2023-05-02 10:28:00,True,1,0,0.523809552192687988,0,True,False,False,True,,6,False
76561199066280667,9,1,1669,1669,1064,2023-05-03 00:27:58,137654855,schinese,终于从WeGame过来了，,2023-05-02 10:26:36,2023-05-02 10:26:36,True,0,0,0,0,True,False,False,True,,13,False
76561198262335077,6,2,637,637,276,2023-05-02 18:36:53,137654747,schinese,冲冲冲,2023-05-02 10:23:50,2023-05-02 10:23:50,True,0,0,0,0,True,False,False,True,,3,False
76561199253672500,5,1,1836,58,1797,2023-05-02 12:25:52,137654663,schinese,牛逼,2023-05-02 10:21:34,2023-05-02 10:21:34,True,0,0,0,0,False,False,False,True,,2,False
76561199377402101,8,1,10984,1032,10982,2023-05-02 13:56:17,137654655,schinese,    买了它你要做好玩单人版的准备,2023-05-02 10:21:18,2023-05-02 10:21:18,True,0,0,0,0,True,False,False,True,,18,False
76561199021446422,45,5,458524,6136,458147,2023-05-03 01:28:08,137654613,schinese,十周年快乐;;玩了三年，七千小时。;;打了很多很多字，又最后删掉。即使游戏承载了太多复杂的故事和心境，它依旧是我生命中最鲜活的记忆之一。;;我是生病最重的时候被送的这个游戏。那时一直躺着，已经失去了感知情绪的能力。;;感恩这三年里遇见的关于饥荒的一切。感谢它与时间奇妙的化学结合：哪怕是如今部分恢复的自己，无论是游戏还是现实，都比曾时想象的未来更加深刻而鲜明。;;,2023-05-02 10:20:20,2023-05-02 10:20:20,True,8,1,0.611992895603179932,8,True,False,False,True,,182,False
76561199174595463,9,3,139,139,12,2023-05-02 16:55:13,137654348,schinese,4.8不贵但很贵，暂无病毒，放心买,2023-05-02 10:12:49,2023-05-02 10:12:49,True,0,0,0,0,True,False,False,True,,17,False
76561199422739726,17,8,35,35,35,2023-04-30 12:07:27,137654022,schinese,点赞并不会对你有什么影响，只是想整点点数，买个涩涩头像,2023-05-02 10:03:06,2023-05-02 10:03:06,True,4,0,0.583333313465118408,0,True,False,False,True,,27,False
76561199140795435,4,1,853,853,334,2023-05-02 21:17:58,137653830,schinese,我是聪明逼,2023-05-02 09:58:00,2023-05-02 09:58:00,True,0,0,0,0,True,False,False,True,,5,False
76561199135077121,12,5,2967,27,2967,2023-05-02 06:52:48,137653711,schinese,牛逼666，我的宝贝!;,2023-05-02 09:54:30,2023-05-02 09:54:30,True,0,0,0,0,True,False,False,True,,12,False
76561198878700052,9,1,53468,66,53453,2023-05-02 21:30:03,137653490,schinese,时不时的就连肝好几天，角色吃的很饱，我瘦了,2023-05-02 09:48:52,2023-05-02 09:48:52,True,0,0,0,0,True,False,False,True,,21,False
76561198383313409,72,5,26954,65,26954,2023-05-02 09:40:18,137653386,schinese,虽然被是十周年的促销活动背刺了, 游戏本体和皮肤都是, 不过还是想说, 快买一个来陪我玩吧, 求求你们了;;没见过比 Klei 更良心的游戏公司了,2023-05-02 09:46:20,2023-05-02 09:46:20,True,0,0,0,0,True,False,False,True,,73,False
76561199242176210,3,1,1503,1503,904,2023-05-03 00:20:11,137653277,schinese,太上头了,2023-05-02 09:43:31,2023-05-02 09:43:31,True,0,0,0,0,True,False,False,True,,4,False
76561198353132291,194,23,6639,3,6639,2023-05-02 11:55:56,137653265,schinese,砍树种菜百多个小时罢了，你以为打怪打的时长？,2023-05-02 09:43:17,2023-05-02 09:43:17,True,0,0,0,0,False,False,False,True,,22,False
76561199383119697,14,4,219,161,219,2023-05-01 16:27:16,137652840,schinese,,2023-05-02 09:31:43,2023-05-02 09:31:43,True,0,0,0,0,True,False,False,True,,0,False
76561199383145310,2,2,950,944,380,2023-05-02 21:29:08,137652090,schinese,好玩,2023-05-02 09:12:47,2023-05-02 09:12:47,True,0,0,0,0,True,False,False,True,,2,False
76561199090466923,45,33,502,502,184,2023-05-02 21:00:49,137651863,schinese,不会玩，但是很好玩,2023-05-02 09:06:19,2023-05-02 09:06:19,True,0,0,0,0,False,False,False,True,,9,False
76561199212747564,15,1,11208,2362,11006,2023-05-02 21:52:17,137651849,schinese,真的不错,2023-05-02 09:06:00,2023-05-02 09:06:00,True,1,0,0.52173912525177002,0,True,False,False,True,,4,False
76561199120974109,7,2,6549,50,6508,2023-05-02 09:33:04,137651806,schinese,非常优秀的联机游戏;,2023-05-02 09:05:06,2023-05-02 09:05:06,True,0,0,0,0,True,False,False,True,,10,False
76561199247055425,5,2,518,518,457,2023-05-02 09:53:15,137651341,schinese,这是一个很肝的游戏，不仅有多种系统，还有很多玩法，就是有点伤脑子,2023-05-02 08:51:13,2023-05-02 08:51:13,True,0,0,0,0,True,False,False,True,,32,False
76561199037730888,14,3,2003,2003,1344,2023-05-02 23:33:21,137651278,schinese,神中神,又难又上头,非常适合和朋友一起坐牢,2023-05-02 08:49:20,2023-05-02 08:49:20,True,0,0,0,0,True,False,False,True,,21,False
76561198978805449,8,1,77177,1178,76978,2023-05-02 12:03:26,137651127,schinese,停不下来 真的停不下来,2023-05-02 08:45:07,2023-05-02 08:45:07,True,0,0,0,0,True,False,False,True,,11,False
76561199142521018,36,4,371,20,351,2023-05-02 09:05:32,137651071,schinese,有没有人带一下,2023-05-02 08:43:32,2023-05-02 08:43:32,True,0,0,0,0,True,False,False,True,,7,False
76561198410011754,150,22,355,102,355,2023-04-30 00:00:39,137650826,schinese,有点没玩明白,2023-05-02 08:36:37,2023-05-02 08:36:37,True,1,0,0.523809552192687988,0,True,False,False,True,,6,False
76561199016067074,59,147,1598,1598,721,2023-05-02 22:49:10,137650242,schinese,纯萌新，APEX真好玩?????,2023-05-02 08:20:26,2023-05-02 08:20:26,True,2,0,0.545454561710357666,1,False,False,False,True,,16,False
76561199079017861,15,9,177,177,177,2023-04-29 13:46:02,137648555,schinese,还真不如传奇,2023-05-02 07:33:55,2023-05-02 07:33:55,False,0,0,0.418250977993011475,0,False,False,False,True,,6,False
76561199212274449,2,1,1249,1249,1090,2023-05-02 10:44:15,137648236,schinese,！,2023-05-02 07:25:28,2023-05-02 07:25:28,True,0,0,0,0,True,False,False,True,,1,False
76561198427853847,16,3,155,1,155,2023-05-02 03:58:45,137639554,schinese,游戏最高的配置是三个陪你傻乐的朋友,2023-05-02 04:01:59,2023-05-02 04:01:59,True,1,0,0,0,True,False,False,True,,17,False
76561198847724060,69,3,5989,123,5960,2023-05-02 15:08:57,137637586,schinese,NIU BI,2023-05-02 03:24:46,2023-05-02 03:24:46,True,0,0,0,0,True,False,False,True,,6,False
76561199059540835,14,1,2948,685,2948,2023-05-02 02:30:14,137634806,schinese,very good;,2023-05-02 02:30:37,2023-05-02 02:30:37,True,0,0,0,0,True,False,False,True,,10,False
76561199045876240,40,30,524,524,524,2023-05-02 02:02:19,137633238,schinese,玩不太懂....,2023-05-02 02:02:48,2023-05-02 02:02:48,True,0,0,0,0,True,False,False,True,,8,False
76561199458490185,3,1,408,408,202,2023-05-03 00:05:26,137632864,schinese,饥荒牛逼牛逼牛逼牛逼！！！！！！！！,2023-05-02 01:59:05,2023-05-02 01:59:05,True,0,0,0,0,True,False,False,True,,18,False
76561199395354471,16,7,550,550,455,2023-05-03 00:32:13,137631449,schinese,免费摸猫猫，一个赞摸一次！想换骚逼头像;??????????????????????;???????????????????????;???????????????????????;???????????????????????;????????????????????????;????????????????????????;???????????????????????;???????????????????????;???????????????????????;???????????????????????;???????????????????????;???????????????????????,2023-05-02 01:44:56,2023-05-02 01:44:56,True,4,0,0.560000002384185791,0,True,False,False,True,,308,False
76561199424970370,21,2,332,332,332,2023-05-02 00:49:20,137628124,schinese,牛逼,2023-05-02 01:02:22,2023-05-02 01:02:22,True,0,0,0,0,True,False,False,True,,2,False
76561199000445127,19,2,8901,56,8901,2023-04-25 19:39:35,137627924,schinese,这个游戏很简单的。你作为一个新手，什么都不需要做，只需要听从你的大佬朋友的指挥，在家里砍砍树采采草捡捡树枝吃吃东西，狗来了往大佬身边凑，boss来了跟着朋友跑就行了。什么克劳斯啊，麋鹿鹅啊，龙蝇啊都交给你的朋友就好。;什么？你没有朋友？;哦，那还是左转去单机版吧。,2023-05-02 00:57:59,2023-05-02 00:57:59,True,1,0,0.519999980926513672,0,False,False,False,True,,132,False
76561199073292753,2,2,1555,1555,1238,2023-05-02 11:45:43,137627465,schinese,一开始经常会死，回档 或者作祟就好了，还是可以的饥荒生存。,2023-05-02 00:49:46,2023-05-02 00:49:46,True,0,0,0,0,True,False,False,True,,29,False
76561198830271323,12,1,6556,3794,6075,2023-05-02 23:02:46,137627078,schinese,很好玩,2023-05-02 00:42:37,2023-05-02 00:42:37,True,0,0,0,0,True,False,False,True,,3,False
76561198400076880,8,1,353,353,353,2023-05-02 00:38:19,137626829,schinese,偌,2023-05-02 00:38:26,2023-05-02 00:38:26,True,0,0,0,0,True,False,False,True,,1,False
76561199189786623,7,2,1079,881,692,2023-05-03 00:03:50,137626310,schinese,好玩,2023-05-02 00:28:44,2023-05-02 00:28:44,True,0,0,0,0,True,False,False,True,,2,False
76561199474887919,2,1,1141,964,604,2023-05-03 00:41:57,137625431,schinese,非常耐玩;,2023-05-02 00:11:57,2023-05-02 00:11:57,True,0,0,0,0,True,False,False,True,,5,False
76561199240889136,3,1,635,635,553,2023-05-02 19:06:50,137623759,schinese,这是好玩的游戏，使我的心情进行愉悦,2023-05-01 23:41:36,2023-05-01 23:41:36,True,0,0,0,0,True,False,False,True,,17,False
76561198918908203,74,3,28974,5,28974,2023-05-01 23:38:25,137623655,schinese,走亲访友的伴手礼，来，试试看吧,2023-05-01 23:39:20,2023-05-01 23:39:20,True,0,0,0,0,True,False,False,True,,15,False
76561199242122570,7,1,376,376,268,2023-05-02 23:43:01,137623423,schinese,终于活到十天了,2023-05-01 23:35:28,2023-05-01 23:35:28,True,0,0,0,0,True,False,False,True,,7,False
76561199473489939,4,1,258,258,258,2023-05-01 23:25:23,137622931,schinese,好玩得很,2023-05-01 23:26:04,2023-05-01 23:26:04,True,0,0,0,0,True,False,False,True,,4,False
76561198276463297,139,26,1234,2,1233,2023-05-02 14:03:18,137622293,schinese,新手教程做的不好，上手难度很大。,2023-05-01 23:14:58,2023-05-01 23:14:58,True,0,0,0,0,True,False,False,True,,16,False
76561198860008895,75,15,376,376,376,2023-05-01 23:12:32,137622191,schinese,傻逼游戏 玩你妈,2023-05-01 23:13:25,2023-05-01 23:13:25,False,0,0,0.43918919563293457,0,True,False,False,True,,8,False
76561198368808170,17,1,138,138,138,2023-05-01 23:01:13,137621893,schinese,什么烂东西，服务器卡的一笔，根本走不动，网络配置都好好的，加速器都开了，延迟很稳，根本走不动，傻逼游戏,2023-05-01 23:07:45,2023-05-01 23:07:45,False,1,1,0.402298867702484131,0,True,False,False,True,,51,False
76561199185826055,9,1,11185,125,11185,2023-05-01 22:49:43,137621593,schinese,良心啊,2023-05-01 23:02:17,2023-05-01 23:02:17,True,0,0,0,0,True,False,False,True,,3,False
76561198897494889,27,1,15575,617,15486,2023-05-02 18:16:06,137621550,schinese,我跟着你！,2023-05-01 23:01:27,2023-05-01 23:01:27,True,0,1,0,0,True,False,False,True,,5,False
76561199139144012,8,1,2544,2545,1892,2023-05-03 01:11:49,137621052,schinese,这游戏是好多年前玩的了，那时候还是个天天泡网吧的叛逆少年。;我记得那时候网吧里最受欢迎的单机就是MC和饥荒，和同伴打CFLOL之类的累了，就会点开这俩游戏玩，尤其是MC，玩到后面半个网吧的一起联机。;那时候还小，玩饥荒玩得不明不白，一帮人随心所欲地乱玩，死活过不去冬天。;有时候闲下来想一下，觉得时间过得真快。;,2023-05-01 22:52:16,2023-05-01 22:52:16,True,0,0,0,0,True,False,False,True,,156,False
76561199197283842,6,1,990,990,615,2023-05-02 21:57:25,137620668,schinese,生存难度虽然对于新手门槛有点高，不过在游玩过程中很有成就感,2023-05-01 22:44:21,2023-05-01 22:44:21,True,0,0,0,0,True,False,False,True,,29,False
76561199206773653,22,3,404,92,311,2023-05-02 22:33:03,137620316,schinese,gagahaowan,2023-05-01 22:38:18,2023-05-01 22:38:18,True,0,0,0,0,True,False,False,True,,10,False
76561199207946569,2,2,182,182,99,2023-05-02 21:16:11,137620291,schinese,非常的好啊，啥都不会，联机搞了半天，半小时死了三次，没找到金矿，不过墙裂推荐。,2023-05-01 22:37:51,2023-05-01 22:37:51,True,0,0,0,0,False,False,False,True,,39,False
76561199031682848,1,1,5467,172,5295,2023-05-02 01:40:28,137619722,schinese,hennb,2023-05-01 22:27:28,2023-05-01 22:27:28,True,0,0,0,0,True,False,False,True,,5,False
76561199443633163,1,1,1160,1160,624,2023-05-03 00:22:35,137619548,schinese,陪好兄弟玩的，不出门在家做饭真的很快乐,2023-05-01 22:24:28,2023-05-01 22:24:28,True,0,0,0,0,True,False,False,True,,19,False
76561199080863920,6,5,5309,2193,5128,2023-05-02 10:52:22,137619302,schinese,好,2023-05-01 22:20:25,2023-05-01 22:20:25,True,0,0,0,0,True,False,False,True,,1,False
76561198399404510,16,5,1044,1044,1004,2023-05-02 19:17:54,137618937,schinese,可以一直玩不腻的,2023-05-01 22:13:11,2023-05-01 22:13:11,True,0,0,0,0,True,False,False,True,,8,False
76561199012610315,26,2,691,691,691,2023-05-01 21:57:11,137618158,schinese,这游戏就是这么玩的;,2023-05-01 21:58:00,2023-05-01 21:58:00,True,0,0,0,0,True,False,False,True,,10,False
76561199471247318,2,2,795,795,734,2023-05-02 17:06:18,137617754,schinese,evrygood,2023-05-01 21:50:44,2023-05-01 21:50:44,True,0,0,0,0,True,False,False,True,,8,False
76561199233477206,34,10,952,855,641,2023-05-03 00:45:45,137617517,schinese,超喜欢捏,2023-05-01 21:46:17,2023-05-01 21:46:17,True,0,0,0,0,True,False,False,True,,4,False
76561198440980133,11,3,365,365,238,2023-05-02 09:20:10,137617140,schinese,烧脑，要队友,2023-05-01 21:38:45,2023-05-01 21:38:45,True,0,0,0,0,True,True,False,True,,6,False
76561199472011409,3,1,579,579,232,2023-05-02 19:41:34,137616954,schinese,开放性强，玩法多，而且可联机,2023-05-01 21:35:06,2023-05-01 21:35:06,True,0,0,0,0,True,False,False,True,,14,False
76561199187904711,13,1,641,641,335,2023-05-03 00:49:48,137616811,schinese,非常不错值得推荐,2023-05-01 21:32:20,2023-05-01 21:32:20,True,0,0,0,0,False,False,False,True,,8,False
76561199184498081,27,2,537,537,189,2023-05-03 00:19:09,137616716,tchinese,我都;,2023-05-01 21:30:07,2023-05-01 21:30:07,True,0,0,0,0,True,False,False,True,,4,False
76561198828099510,21,3,2979,1532,2979,2023-04-29 16:30:30,137616270,schinese,很好的游戏买了绝对不会后悔;趁着折扣还在赶紧入手吧！,2023-05-01 21:20:55,2023-05-01 21:20:55,True,0,0,0,0,True,False,False,True,,26,False
76561199073752341,2,1,60460,3132,60362,2023-05-01 22:51:20,137615927,schinese,好玩，不腻，就是一起玩的朋友太少了,2023-05-01 21:13:57,2023-05-01 21:13:57,True,0,0,0,0,True,False,False,True,,17,False
76561198289633614,26,2,1359,1359,935,2023-05-02 18:31:13,137615872,schinese,HAOWAN,2023-05-01 21:13:02,2023-05-01 21:13:02,True,0,0,0,0,False,False,False,True,,6,False
76561199043903266,9,5,390,390,239,2023-05-02 12:30:11,137614941,schinese,内容丰富，孩子很爱吃~,2023-05-01 20:54:26,2023-05-01 20:54:26,True,0,0,0,0,True,False,False,True,,11,False
76561198181702113,195,3,25207,209,25200,2023-05-02 14:09:29,137614627,schinese,从盗版到正版，可以说饥荒这款游戏给人的感觉体验非常不错，入门到进阶全部都是新的体验和感受。;每一次开局的重新规划以及世界探索，基地布局都很不错，是一款节奏慢，内容整体非常充实的游戏，多人游玩确实很开心。;游戏内的皮肤设计也是一大亮点，财物皮肤设计的真的不错，希望游戏能继续开发下去，也有更多的新玩家能够进入游戏，并且真正的感受到饥荒带来的快乐吧！,2023-05-01 20:47:10,2023-05-01 20:47:10,True,0,0,0,2,True,False,False,True,,173,False
76561199078212560,11,3,412,412,319,2023-05-02 19:52:18,137614503,schinese,游戏已收到，孩子很爱玩，有需要会回购（doge;上手难度还挺高，每天都在“饥荒”;还有就是4.8入还是双人份真是爽翻了，不过虽然是双人份，但我貌似没什么人能送（大悲,2023-05-01 20:44:33,2023-05-01 20:44:33,True,0,0,0,0,True,False,False,True,,82,False
76561198989286437,179,2,14001,0,14001,2022-11-14 03:40:41,137614498,tchinese,超好玩！希望可以出|手系列怪物！,2023-05-01 20:44:24,2023-05-01 20:44:24,True,1,0,0.523809552192687988,0,True,False,False,True,,17,False
76561198984654137,63,2,163,163,163,2023-05-01 20:23:54,137613567,schinese,真不好玩,2023-05-01 20:24:09,2023-05-01 20:24:09,False,0,0,0.454545468091964722,0,True,False,False,True,,4,False
76561199081502422,6,1,27444,1283,27370,2023-05-02 22:09:01,137613451,schinese,游戏内容比较丰富，皮肤好看又便宜，唯一不好的就是联机比较差,2023-05-01 20:21:49,2023-05-01 20:21:49,True,0,0,0,0,True,False,False,True,,29,False
76561199135538778,40,2,1290,1061,951,2023-05-03 00:57:38,137613440,schinese,非常有趣的游戏,2023-05-01 20:21:33,2023-05-01 20:21:33,True,0,0,0,0,True,False,False,True,,7,False
76561198356527283,6,2,29523,0,29523,2023-04-08 23:50:15,137613356,schinese,最难的配置是朋友,2023-05-01 20:19:39,2023-05-01 20:19:39,True,2,0,0.548325955867767334,0,True,False,False,True,,8,False
76561198838340649,16,1,1096,1096,1096,2023-05-01 20:03:48,137613046,schinese,上手难度挺高的，需要要抱着一直玩这个游戏的心态才能玩下去这个游戏,2023-05-01 20:12:58,2023-05-01 20:12:58,False,0,0,0.476190477609634399,0,True,False,False,True,,32,False
76561199416055881,5,1,842,347,660,2023-05-02 17:01:34,137612811,schinese,好玩有趣,2023-05-01 20:07:54,2023-05-01 20:07:54,True,0,0,0,0,True,False,False,True,,4,False
76561199149063094,50,1,109,109,30,2023-05-02 17:31:03,137612666,schinese,好啊，很好啊（喜,2023-05-01 20:04:47,2023-05-01 20:04:47,True,1,0,0.523809552192687988,0,False,True,False,True,,8,False
76561199001072831,133,11,11759,24,11740,2023-05-02 23:31:14,137612386,schinese,饥荒十周年才想起忘了给好评QAQ,2023-05-01 19:58:53,2023-05-01 19:58:53,True,0,0,0,0,True,False,False,True,,16,False
76561199056451560,20,1,883,883,883,2023-05-01 19:44:01,137611939,schinese,挫折性太大，夏天攒了很久的东西死掉之后被烧掉，回档发现是死档，只建议跑刀仔玩;,2023-05-01 19:48:42,2023-05-01 19:48:42,False,0,0,0.47413790225982666,0,True,False,False,True,,39,False
76561198848248623,13,10,1558,1558,1088,2023-05-02 20:44:31,137611883,schinese,联机很稳定（重点）,2023-05-01 19:47:26,2023-05-01 19:47:26,True,0,0,0,0,False,False,False,True,,9,False
76561199216695043,9,1,221,28,221,2023-04-30 14:16:52,137611880,schinese,习惯好评,2023-05-01 19:47:21,2023-05-01 19:47:21,True,0,0,0,0,True,False,False,True,,4,False
76561198246334018,144,51,5690,8,5690,2023-05-01 19:44:08,137611822,schinese,科雷他真的，我哭死,2023-05-01 19:45:54,2023-05-01 19:45:54,True,0,0,0,0,False,False,False,True,,9,False
76561199403384185,8,1,3146,1733,3146,2023-05-01 17:14:34,137611712,schinese,很好玩,2023-05-01 19:42:56,2023-05-01 19:42:56,True,0,0,0,0,True,False,False,True,,3,False
76561199386631615,1,1,17885,952,17404,2023-05-02 16:18:46,137611633,schinese,有趣，MOD也很不错,2023-05-01 19:41:04,2023-05-01 19:41:04,True,0,0,0,0,True,False,False,True,,10,False
76561199268005519,24,4,411,411,194,2023-05-02 22:18:39,137611180,schinese,之前一直觉得不好玩不知道是因为贵还是咋的当时一直想玩3D的，后面慢慢接触感觉不错果然每个人都逃不掉真香定律现在无脑入一定不亏,2023-05-01 19:30:04,2023-05-01 19:30:04,True,0,0,0,0,True,False,False,True,,62,False
76561198965525902,5,4,1492,1492,887,2023-05-02 21:45:38,137610157,schinese,芜湖,2023-05-01 19:06:54,2023-05-01 19:06:54,True,0,0,0,0,True,False,False,True,,2,False
76561199176891628,19,7,2712,2712,1901,2023-05-03 00:17:50,137610130,schinese,真不错;,2023-05-01 19:06:23,2023-05-01 19:06:23,True,0,0,0,0,True,False,False,True,,4,False
76561199401265109,10,2,794,794,654,2023-05-01 21:43:04,137610085,schinese,！！！！！,2023-05-01 19:05:21,2023-05-01 19:05:21,True,0,0,0,0,True,False,False,True,,5,False
76561199277986705,4,2,1006,1006,669,2023-05-02 14:57:14,137609387,schinese,很有意思，我喜欢这游戏的画风和丰富的玩法，不过作为新手来说，感觉最低难度也太难了，入门门槛高，不过有朋友一起玩相对会好一些。,2023-05-01 18:47:53,2023-05-01 18:47:53,True,0,0,0,0,True,False,False,True,,62,False
76561199357638407,2,1,3223,1401,3004,2023-05-02 13:42:09,137608707,schinese,好玩,2023-05-01 18:31:28,2023-05-01 18:31:28,True,0,0,0,0,True,False,False,True,,2,False
76561199220371829,38,2,5854,250,5632,2023-05-01 22:08:12,137608531,schinese,好玩;,2023-05-01 18:27:04,2023-05-01 18:27:04,True,0,0,0,0,True,False,False,True,,3,False
76561198982728652,12,4,344,344,322,2023-05-02 21:43:08,137608290,schinese,太好玩了 就是我玩不懂 硬核的生存 有太多玩法  我还是玩不懂,2023-05-01 18:20:43,2023-05-01 18:20:43,True,0,0,0,0,False,False,False,True,,31,False
76561199430628290,4,1,4488,564,4218,2023-05-02 18:01:23,137608117,schinese,good,2023-05-01 18:16:21,2023-05-01 18:16:21,True,0,0,0,0,True,False,False,True,,4,False
76561199208082016,11,2,927,927,566,2023-05-02 19:33:00,137607548,schinese,根本停不下来,2023-05-01 18:03:09,2023-05-01 18:03:09,True,0,0,0,0,True,False,False,True,,6,False
76561199334505342,17,2,801,493,675,2023-05-02 23:41:24,137607530,schinese,家人们，想要点数，走过路过点个赞呗,2023-05-01 18:02:45,2023-05-01 18:02:45,True,1,0,0.501742184162139893,0,True,False,False,True,,17,False
76561199074000076,71,37,317,195,231,2023-05-02 20:53:16,137607206,schinese,FINALLY,2023-05-01 17:54:58,2023-05-01 17:54:58,True,0,0,0,0,True,False,False,True,,7,False
76561198415761677,26,19,29157,665,28518,2023-05-02 23:19:32,137607060,schinese,sixsixsix,2023-05-01 17:51:37,2023-05-01 17:51:37,True,0,0,0,0,False,False,False,True,,9,False
76561199137408983,10,1,726,196,562,2023-05-02 22:05:45,137606963,schinese,6,2023-05-01 17:49:08,2023-05-01 17:49:08,True,0,0,0,0,True,False,False,True,,1,False
76561199164088342,17,4,4502,155,4502,2023-05-01 00:56:40,137606896,schinese,和朋友一起买的，联机比较好玩，人多意外多就很好玩，比如把家给烧了哈哈哈哈,2023-05-01 17:47:16,2023-05-01 17:47:16,True,0,0,0,0,True,False,False,True,,36,False
76561199049068052,6,1,32554,1246,32195,2023-05-02 18:04:32,137605452,schinese,啥也不说，4.8双人，唉。,2023-05-01 17:12:39,2023-05-01 17:12:39,True,0,0,0,0,True,False,False,True,,13,False
76561198862385114,11,3,95,24,95,2023-05-01 16:59:11,137605172,schinese,不好意思打扰一下各位大佬，我真的没有搜到本地怎么同屏玩游戏，如果有会的，麻烦教教我求求了！,2023-05-01 17:05:12,2023-05-01 17:05:12,True,0,0,0,0,True,False,False,True,,45,False
76561199223882393,31,1,583,583,583,2023-04-30 22:08:09,137605101,schinese,好啊 好啊,2023-05-01 17:03:20,2023-05-01 17:03:20,True,1,0,0.523809552192687988,0,True,False,False,True,,5,False
76561199176485284,8,1,9017,468,8814,2023-05-02 20:56:24,137604377,schinese,尸横遍野的联机房。。。;但没有一个是饿死的（乐,2023-05-01 16:45:24,2023-05-01 16:45:24,True,0,0,0,0,True,False,False,True,,23,False
76561198314555962,105,11,90,90,90,2023-04-30 21:18:27,137604104,schinese,道理我都懂 朋友也有 加速器也开了 就是连不上,2023-05-01 16:38:33,2023-05-01 16:38:33,False,3,0,0.545454561710357666,0,True,False,False,True,,23,False
76561199387936294,29,8,406,406,182,2023-05-02 12:02:20,137604084,schinese,好玩,2023-05-01 16:37:56,2023-05-01 16:37:56,True,0,0,0,0,False,True,False,True,,2,False
76561199191932638,8,2,795,795,193,2023-05-02 23:49:41,137603607,schinese,good,2023-05-01 16:24:06,2023-05-01 16:24:06,True,0,0,0,0,True,False,False,True,,4,False
76561199160281016,3,1,1804,719,1484,2023-05-02 19:37:05,137603469,schinese,又菜又爱玩;,2023-05-01 16:20:19,2023-05-01 16:20:19,True,0,0,0,0,True,False,False,True,,6,False
76561199417505073,8,1,270,270,209,2023-05-01 20:49:34,137603413,schinese,不错的手册游戏    建议多人一起玩,2023-05-01 16:18:39,2023-05-01 16:18:39,True,0,0,0,0,True,False,False,True,,18,False
76561199401618258,3,1,334,16,334,2023-04-22 08:13:10,137603380,schinese,刚买完就打折，哭死,2023-05-01 16:17:29,2023-05-01 16:17:29,True,1,0,0.516129076480865479,0,True,False,False,True,,9,False
76561199044108937,15,2,583,583,277,2023-05-02 22:01:28,137603224,schinese,没什么可多说的，游戏喜不喜欢无所谓，但喜欢基友,2023-05-01 16:12:25,2023-05-01 16:12:55,True,1,0,0.523809552192687988,0,True,False,False,True,,23,True
76561198882080126,52,3,3813,90,3766,2023-05-02 20:01:47,137603204,schinese,哇！饥荒这个游戏真是太好玩了??！画面精美，游戏玩法多样，非常有挑战性！这个游戏是一款典型的“生存类”游戏，你需要在荒野中寻找食物，并在夜晚建造营地以避免怪物的袭击。??;;1、游戏中的角色可爱又独具个性，让人忍不住想要一起探索这个神秘的世界。;;2、资源紧缺，一不小心就会死亡，让我感受到了大自然生存的残酷和不可预测性。;;3、建筑与研究系统的设置，让玩家有更多的操作空间，增强了游戏的可玩性和挑战性。??;;无论是单机游戏还是联机游戏，饥荒都是不容错过的！强烈推荐??！;;-----来自ChatGPT,2023-05-01 16:11:44,2023-05-01 16:11:44,True,0,0,0,0,True,False,False,True,,249,False
76561199481328632,1,1,3095,1541,2620,2023-05-02 23:10:22,137603055,schinese,非常棒,2023-05-01 16:07:21,2023-05-01 16:07:21,True,0,0,0,0,True,False,False,True,,3,False
76561199086042675,36,1,7010,839,6731,2023-05-01 20:43:04,137602604,schinese,当初二十来块买的，我是怨种,2023-05-01 15:54:51,2023-05-01 15:54:51,True,0,0,0,0,True,False,False,True,,13,False
76561199403458360,3,2,1645,1645,1245,2023-05-03 00:12:25,137602552,schinese,好玩，爱玩,2023-05-01 15:53:26,2023-05-01 15:53:26,True,0,0,0,0,True,False,False,True,,5,False
76561199404660497,4,2,502,502,341,2023-05-01 19:49:56,137602354,schinese,HSAOHAOAO JAEOIHDOWIA,2023-05-01 15:48:08,2023-05-01 15:48:08,True,0,0,0,0,True,False,False,True,,21,False
76561198414598256,19,2,23420,0,23420,2023-03-23 21:33:11,137602326,schinese,萌新，感觉挺好玩，就是打不过龙蝇,2023-05-01 15:47:12,2023-05-01 15:47:12,True,0,0,0,0,True,False,False,True,,16,False
76561198149405172,21,2,701,701,475,2023-05-02 23:49:42,137602320,schinese,不会玩;,2023-05-01 15:47:01,2023-05-01 15:47:01,True,0,0,0,0,True,False,False,True,,4,False
76561199055515816,5,3,312,312,312,2023-04-30 22:47:40,137601948,schinese,最高配置;每次想玩都能叫上几个朋友一起;游戏 一起玩才快乐,2023-05-01 15:35:54,2023-05-01 15:35:54,True,0,0,0,0,True,False,False,True,,29,False